#INFO,Version=0.0.2,Template= eBay-draft-listings-template_US,,,,,,,,
#INFO Action and Category ID are required fields. 1) Set Action to Draft 2) Please find the category ID for your listings here: https://pages.ebay.com/sellerinformation/news/categorychanges.html,,,,,,,,,,
"#INFO After you've successfully uploaded your draft from the Seller Hub Reports tab, complete your drafts to active listings here: https://www.ebay.com/sh/lst/drafts",,,,,,,,,,
#INFO,,,,,,,,,,
Action(SiteID=US|Country=US|Currency=USD|Version=1193|CC=UTF-8),Custom label (SKU),Category ID,Title,UPC,Price,Quantity,Item photo URL,Condition ID,Description,Format
Draft,first_blood_david_morrell,377,First Blood by David Morrell SIGNED Limited Ed,,,1,https://zmuhls.github.io/mbooks/listings/first_blood_david_morrell/IMG_5531.jpg|https://zmuhls.github.io/mbooks/listings/first_blood_david_morrell/IMG_5532.jpg|https://zmuhls.github.io/mbooks/listings/first_blood_david_morrell/IMG_5533.jpg,Very Good,"<h2>First Blood</h2><p><b>Author:</b> David Morrell</p><p><b>Edition:</b> Signed Lettered Edition - Limited to 52 copies</p><p><b>Signed</b> by David Morrell</p><p><b>Format:</b> Hardcover</p><p>Black leather spine with gold gilt lettering, housed in wood-grain slipcase</p>",FixedPrice
Draft,zodiac_neal_stephenson,377,Zodiac: The Eco Thriller by Neal Stephenson SIGNED Limited Ed,,,1,https://zmuhls.github.io/mbooks/listings/zodiac_neal_stephenson/IMG_5517.jpg|https://zmuhls.github.io/mbooks/listings/zodiac_neal_stephenson/IMG_5519.jpg,Very Good,<h2>Zodiac: The Eco Thriller</h2><p><b>Author:</b> Neal Stephenson</p><p><b>Edition:</b> Special Signed Edition - Limited to 500 numbered and 26 lettered copies</p><p><b>Signed</b> by Neal Stephenson</p><p><b>Format:</b> Hardcover</p><p>Brown/tan binding with skull and tentacle cover art</p>,FixedPrice
Draft,in_laymons_terms,377,In Laymon's Terms by Kelly Laymon SIGNED Limited Ed,,,1,https://zmuhls.github.io/mbooks/listings/in_laymons_terms/IMG_5520.jpg|https://zmuhls.github.io/mbooks/listings/in_laymons_terms/IMG_5521.jpg,Very Good,"<h2>In Laymon's Terms</h2><p><b>Editor:</b> Kelly Laymon, Steve Gerlach, Richard Chizmar</p><p><b>Edition:</b> Special Signed Edition - Limited to 400 numbered copies</p><p><b>Signed</b> by None</p><p><b>Format:</b> Hardcover</p><p>Black slipcase with signature page showing multiple author signatures</p>",FixedPrice
Draft,october_dreams,377,October Dreams: A Celebration of Halloween by Richard Chizmar and Robert Morrish,,,1,https://zmuhls.github.io/mbooks/listings/october_dreams/IMG_5523.jpg,Very Good,<h2>October Dreams: A Celebration of Halloween</h2><p><b>Editor:</b> Richard Chizmar and Robert Morrish</p><p><b>Format:</b> Hardcover</p><p>Orange/red cover with Halloween pumpkin artwork</p>,FixedPrice
Draft,dark_delicacies,377,Dark Delicacies: Original Tales of Terror and the Macabre by Del Howison and ...,,,1,https://zmuhls.github.io/mbooks/listings/dark_delicacies/IMG_5534.jpg|https://zmuhls.github.io/mbooks/listings/dark_delicacies/IMG_5535.jpg|https://zmuhls.github.io/mbooks/listings/dark_delicacies/IMG_5537.jpg|https://zmuhls.github.io/mbooks/listings/dark_delicacies/IMG_5538.jpg|https://zmuhls.github.io/mbooks/listings/dark_delicacies/IMG_5539.jpg,Very Good,<h2>Dark Delicacies: Original Tales of Terror and the Macabre</h2><p><b>Editor:</b> Del Howison and Jeff Gelb</p><p><b>Edition:</b> Deluxe Signed Artist Edition - Limited to 1250 numbered copies</p><p><b>Signed</b> by None</p><p><b>Format:</b> Hardcover</p><p>Red/orange artwork with signature pages featuring skulls and gothic horror imagery. Cover shows skull in bloody dinner setting.</p>,FixedPrice
Draft,the_handyman_bentley_little,377,The Handyman by Bentley Little SIGNED Limited Ed,,,1,https://zmuhls.github.io/mbooks/listings/the_handyman_bentley_little/IMG_5513.jpg|https://zmuhls.github.io/mbooks/listings/the_handyman_bentley_little/IMG_5516.jpg,Very Good,<h2>The Handyman</h2><p><b>Author:</b> Bentley Little</p><p><b>Edition:</b> Special Signed Edition - Limited to 500 numbered copies</p><p><b>Signed</b> by Bentley Little</p><p><b>Format:</b> Hardcover</p><p>Red leather binding with gold gilt title</p>,FixedPrice
Draft,fearie_tales,377,Fearie Tales by Stephen Jones SIGNED,,,1,https://zmuhls.github.io/mbooks/listings/fearie_tales/IMG_5525.jpg|https://zmuhls.github.io/mbooks/listings/fearie_tales/IMG_5526.jpg|https://zmuhls.github.io/mbooks/listings/fearie_tales/IMG_5527.jpg|https://zmuhls.github.io/mbooks/listings/fearie_tales/IMG_5528.jpg|https://zmuhls.github.io/mbooks/listings/fearie_tales/IMG_5530.jpg,Very Good,"<h2>Fearie Tales</h2><p><b>Editor:</b> Stephen Jones</p><p><b>Edition:</b> Special signed edition</p><p><b>Signed</b> by None</p><p><b>Format:</b> Hardcover</p><p>Multiple signature pages with gothic/fantasy artwork, includes dramatic cat-like creature illustration</p>",FixedPrice
Draft,the_stand_stephen_king,377,The Stand by Stephen King,,,1,https://zmuhls.github.io/mbooks/listings/the_stand_stephen_king/IMG_5510.jpg|https://zmuhls.github.io/mbooks/listings/the_stand_stephen_king/IMG_5511.jpg,Very Good,<h2>The Stand</h2><p><b>Author:</b> Stephen King</p><p><b>Format:</b> Limited Edition with Slipcase</p><p>Orange leather binding with dust jacket featuring sunset road scene</p>,FixedPrice
